<application>
  <component name="FindSettings">
    <option name="customScope" value="service层" />
    <option name="defaultScopeName" value="service层" />
    <option name="wholeWordsOnly" value="true" />
    <option name="WHOLE_WORDS_ONLY" value="true" />
    <option name="SEARCH_SCOPE" value="service层" />
    <mask>*.properties</mask>
    <mask>*.html</mask>
    <mask>*.jsp</mask>
    <mask>*.js</mask>
    <mask>*.as</mask>
    <mask>*.css</mask>
    <mask>*.mxml</mask>
    <mask>*repository.java</mask>
    <mask>*.pom</mask>
    <mask>*.xml</mask>
    <mask>*.java</mask>
  </component>
</application>