<application>
  <component name="GeneralSettings">
    <option name="confirmExit" value="false" />
    <option name="confirmOpenNewProject2" value="0" />
    <option name="reopenLastProject" value="false" />
    <option name="showTipsOnStartup" value="false" />
    <option name="autoSyncFiles" value="false" />
  </component>
  <component name="Registry">
    <entry key="ide.windowSystem.autoShowProcessPopup" value="true" />
    <entry key="debugger.watches.in.variables" value="false" />
    <entry key="git.explicit.commit.renames.prohibit.multiple.calls" value="false" />
  </component>
</application>