<application>
  <component name="ProjectJdkTable">
    <jdk version="2">
      <name value="1.8" />
      <type value="JavaSDK" />
      <version value="java version &quot;1.8.0_131&quot;" />
      <homePath value="D:/Program Files/Java/jdk1.8.0_131" />
      <roots>
        <annotationsPath>
          <root type="composite" />
        </annotationsPath>
        <classPath>
          <root type="composite">
            <root url="jar://D:/Program Files/Java/jdk1.8.0_131/jre/lib/charsets.jar!/" type="simple" />
            <root url="jar://D:/Program Files/Java/jdk1.8.0_131/jre/lib/deploy.jar!/" type="simple" />
            <root url="jar://D:/Program Files/Java/jdk1.8.0_131/jre/lib/ext/access-bridge-64.jar!/" type="simple" />
            <root url="jar://D:/Program Files/Java/jdk1.8.0_131/jre/lib/ext/cldrdata.jar!/" type="simple" />
            <root url="jar://D:/Program Files/Java/jdk1.8.0_131/jre/lib/ext/dnsns.jar!/" type="simple" />
            <root url="jar://D:/Program Files/Java/jdk1.8.0_131/jre/lib/ext/jaccess.jar!/" type="simple" />
            <root url="jar://D:/Program Files/Java/jdk1.8.0_131/jre/lib/ext/jfxrt.jar!/" type="simple" />
            <root url="jar://D:/Program Files/Java/jdk1.8.0_131/jre/lib/ext/localedata.jar!/" type="simple" />
            <root url="jar://D:/Program Files/Java/jdk1.8.0_131/jre/lib/ext/nashorn.jar!/" type="simple" />
            <root url="jar://D:/Program Files/Java/jdk1.8.0_131/jre/lib/ext/sunec.jar!/" type="simple" />
            <root url="jar://D:/Program Files/Java/jdk1.8.0_131/jre/lib/ext/sunjce_provider.jar!/" type="simple" />
            <root url="jar://D:/Program Files/Java/jdk1.8.0_131/jre/lib/ext/sunmscapi.jar!/" type="simple" />
            <root url="jar://D:/Program Files/Java/jdk1.8.0_131/jre/lib/ext/sunpkcs11.jar!/" type="simple" />
            <root url="jar://D:/Program Files/Java/jdk1.8.0_131/jre/lib/ext/zipfs.jar!/" type="simple" />
            <root url="jar://D:/Program Files/Java/jdk1.8.0_131/jre/lib/javaws.jar!/" type="simple" />
            <root url="jar://D:/Program Files/Java/jdk1.8.0_131/jre/lib/jce.jar!/" type="simple" />
            <root url="jar://D:/Program Files/Java/jdk1.8.0_131/jre/lib/jfr.jar!/" type="simple" />
            <root url="jar://D:/Program Files/Java/jdk1.8.0_131/jre/lib/jfxswt.jar!/" type="simple" />
            <root url="jar://D:/Program Files/Java/jdk1.8.0_131/jre/lib/jsse.jar!/" type="simple" />
            <root url="jar://D:/Program Files/Java/jdk1.8.0_131/jre/lib/management-agent.jar!/" type="simple" />
            <root url="jar://D:/Program Files/Java/jdk1.8.0_131/jre/lib/plugin.jar!/" type="simple" />
            <root url="jar://D:/Program Files/Java/jdk1.8.0_131/jre/lib/resources.jar!/" type="simple" />
            <root url="jar://D:/Program Files/Java/jdk1.8.0_131/jre/lib/rt.jar!/" type="simple" />
          </root>
        </classPath>
        <javadocPath>
          <root type="composite" />
        </javadocPath>
        <sourcePath>
          <root type="composite">
            <root url="jar://D:/Program Files/Java/jdk1.8.0_131/src.zip!/" type="simple" />
            <root url="jar://D:/Program Files/Java/jdk1.8.0_131/javafx-src.zip!/" type="simple" />
          </root>
        </sourcePath>
      </roots>
      <additional />
    </jdk>
    <jdk version="2">
      <name value="Python 3.7" />
      <type value="Python SDK" />
      <version value="Python 3.7.3" />
      <homePath value="D:\Python\python.exe" />
      <roots>
        <annotationsPath>
          <root type="composite" />
        </annotationsPath>
        <classPath>
          <root type="composite">
            <root url="file://D:/Python/DLLs" type="simple" />
            <root url="file://D:/Python/Lib" type="simple" />
            <root url="file://D:/Python" type="simple" />
            <root url="file://D:/Python/Lib/site-packages" type="simple" />
            <root url="file://$USER_HOME$/.IntelliJIdea2019.1/system/python_stubs/-643338342" type="simple" />
            <root url="file://$APPLICATION_PLUGINS_DIR$/python/helpers/python-skeletons" type="simple" />
            <root url="file://$APPLICATION_PLUGINS_DIR$/python/helpers/typeshed/stdlib/3" type="simple" />
            <root url="file://$APPLICATION_PLUGINS_DIR$/python/helpers/typeshed/stdlib/2and3" type="simple" />
            <root url="file://$APPLICATION_PLUGINS_DIR$/python/helpers/typeshed/third_party/3" type="simple" />
            <root url="file://$APPLICATION_PLUGINS_DIR$/python/helpers/typeshed/third_party/2and3" type="simple" />
          </root>
        </classPath>
        <javadocPath>
          <root type="composite" />
        </javadocPath>
        <sourcePath>
          <root type="composite" />
        </sourcePath>
      </roots>
      <additional />
    </jdk>
  </component>
</application>