<application>
  <component name="TerminalOptionsProvider">
    <envs>
      <env key="GOCACHE" value="D:\cache" />
      <env key="GO111MODULE" value="off" />
      <env key="GOPATH" value="C:\Users\20160711\IdeaProjects" />
      <env key="GOROOT" value="D:\go;Path=C:\Windows\system32;C:\Windows;C:\Windows\System32\Wbem;C:\Windows\System32\WindowsPowerShell\v1.0\;D:\go\bin;C:\Program Files\Git\cmd;D:\jdk32\bin;D:\calibre\;C:\Users\20160711\go\bin" />
    </envs>
    <option name="passParentEnvs" value="false" />
    <option name="myShellIntegration" value="false" />
    <option name="myShellPath" value="C:\Windows\System32\cmd.exe" />
  </component>
</application>